Model,Attack_Type,Param,Accuracy
Standard,Clean,-,99.0
Standard,Fixed-Saliency,k=3,86.82
Standard,Fixed-Saliency,k=5,80.99
Standard,Fixed-Saliency,k=7,75.92
Standard,Fixed-Saliency,k=9,71.19
Standard,Fixed-Saliency,k=12,65.01
Standard,Fixed-Saliency,k=15,59.78
Standard,Fixed-Saliency,r=1,71.19
Standard,Fixed-Saliency,r=2,61.74
Standard,Fixed-Saliency,r=3,54.25
Standard,Adaptive-Saliency,"N=3,R=3",49.45
Standard,Adaptive-Saliency,"N=5,R=3",34.33
Standard,Adaptive-Saliency,"N=7,R=3",25.09
Standard,Adaptive-Saliency,"N=10,R=3",15.95
Standard,Adaptive-Saliency,"N=5,R=2",49.15
Standard,Adaptive-Saliency,"N=5,R=3",34.33
Standard,Adaptive-Saliency,"N=5,R=4",23.91
PGD-AT,Clean,-,99.3
PGD-AT,Fixed-Saliency,k=3,87.99
PGD-AT,Fixed-Saliency,k=5,81.39
PGD-AT,Fixed-Saliency,k=7,75.78
PGD-AT,Fixed-Saliency,k=9,70.11
PGD-AT,Fixed-Saliency,k=12,61.76
PGD-AT,Fixed-Saliency,k=15,54.23
PGD-AT,Fixed-Saliency,r=1,70.11
PGD-AT,Fixed-Saliency,r=2,59.72
PGD-AT,Fixed-Saliency,r=3,50.91
PGD-AT,Adaptive-Saliency,"N=3,R=3",46.63
PGD-AT,Adaptive-Saliency,"N=5,R=3",30.12
PGD-AT,Adaptive-Saliency,"N=7,R=3",19.95
PGD-AT,Adaptive-Saliency,"N=10,R=3",11.63
PGD-AT,Adaptive-Saliency,"N=5,R=2",44.08
PGD-AT,Adaptive-Saliency,"N=5,R=3",30.12
PGD-AT,Adaptive-Saliency,"N=5,R=4",20.3
FGSM-AT,Clean,-,99.2
FGSM-AT,Fixed-Saliency,k=3,91.11
FGSM-AT,Fixed-Saliency,k=5,84.99
FGSM-AT,Fixed-Saliency,k=7,79.19
FGSM-AT,Fixed-Saliency,k=9,73.73
FGSM-AT,Fixed-Saliency,k=12,66.45
FGSM-AT,Fixed-Saliency,k=15,60.41
FGSM-AT,Fixed-Saliency,r=1,73.73
FGSM-AT,Fixed-Saliency,r=2,60.51
FGSM-AT,Fixed-Saliency,r=3,51.13
FGSM-AT,Adaptive-Saliency,"N=3,R=3",50.76
FGSM-AT,Adaptive-Saliency,"N=5,R=3",33.9
FGSM-AT,Adaptive-Saliency,"N=7,R=3",23.78
FGSM-AT,Adaptive-Saliency,"N=10,R=3",14.71
FGSM-AT,Adaptive-Saliency,"N=5,R=2",49.95
FGSM-AT,Adaptive-Saliency,"N=5,R=3",33.9
FGSM-AT,Adaptive-Saliency,"N=5,R=4",23.35
Occlusion-AT,Clean,-,95.75
Occlusion-AT,Fixed-Saliency,k=3,95.11
Occlusion-AT,Fixed-Saliency,k=5,94.69
Occlusion-AT,Fixed-Saliency,k=7,94.22
Occlusion-AT,Fixed-Saliency,k=9,93.78
Occlusion-AT,Fixed-Saliency,k=12,93.26
Occlusion-AT,Fixed-Saliency,k=15,92.6
Occlusion-AT,Fixed-Saliency,r=1,93.78
Occlusion-AT,Fixed-Saliency,r=2,89.78
Occlusion-AT,Fixed-Saliency,r=3,90.41
Occlusion-AT,Adaptive-Saliency,"N=3,R=3",82.98
Occlusion-AT,Adaptive-Saliency,"N=5,R=3",78.91
Occlusion-AT,Adaptive-Saliency,"N=7,R=3",75.27
Occlusion-AT,Adaptive-Saliency,"N=10,R=3",70.86
Occlusion-AT,Adaptive-Saliency,"N=5,R=2",87.09
Occlusion-AT,Adaptive-Saliency,"N=5,R=3",78.91
Occlusion-AT,Adaptive-Saliency,"N=5,R=4",70.13
Adaptive-Occlusion-AT,Clean,-,98.48
Adaptive-Occlusion-AT,Fixed-Saliency,k=3,98.36
Adaptive-Occlusion-AT,Fixed-Saliency,k=5,98.32
Adaptive-Occlusion-AT,Fixed-Saliency,k=7,98.22
Adaptive-Occlusion-AT,Fixed-Saliency,k=9,98.14
Adaptive-Occlusion-AT,Fixed-Saliency,k=12,98.0
Adaptive-Occlusion-AT,Fixed-Saliency,k=15,97.86
Adaptive-Occlusion-AT,Fixed-Saliency,r=1,98.14
Adaptive-Occlusion-AT,Fixed-Saliency,r=2,97.37
Adaptive-Occlusion-AT,Fixed-Saliency,r=3,95.88
Adaptive-Occlusion-AT,Adaptive-Saliency,"N=3,R=3",94.67
Adaptive-Occlusion-AT,Adaptive-Saliency,"N=5,R=3",92.02
Adaptive-Occlusion-AT,Adaptive-Saliency,"N=7,R=3",88.87
Adaptive-Occlusion-AT,Adaptive-Saliency,"N=10,R=3",83.93
Adaptive-Occlusion-AT,Adaptive-Saliency,"N=5,R=2",95.84
Adaptive-Occlusion-AT,Adaptive-Saliency,"N=5,R=3",92.02
Adaptive-Occlusion-AT,Adaptive-Saliency,"N=5,R=4",84.27
Adaptive-Saliency-AT(N5R1),Clean,-,98.91
Adaptive-Saliency-AT(N5R1),Fixed-Saliency,k=3,98.71
Adaptive-Saliency-AT(N5R1),Fixed-Saliency,k=5,98.41
Adaptive-Saliency-AT(N5R1),Fixed-Saliency,k=7,98.35
Adaptive-Saliency-AT(N5R1),Fixed-Saliency,k=9,97.95
Adaptive-Saliency-AT(N5R1),Fixed-Saliency,k=12,97.48
Adaptive-Saliency-AT(N5R1),Fixed-Saliency,k=15,96.75
Adaptive-Saliency-AT(N5R1),Fixed-Saliency,r=1,97.95
Adaptive-Saliency-AT(N5R1),Fixed-Saliency,r=2,93.86
Adaptive-Saliency-AT(N5R1),Fixed-Saliency,r=3,84.44
Adaptive-Saliency-AT(N5R1),Adaptive-Saliency,"N=3,R=3",85.22
Adaptive-Saliency-AT(N5R1),Adaptive-Saliency,"N=5,R=3",72.59
Adaptive-Saliency-AT(N5R1),Adaptive-Saliency,"N=7,R=3",61.29
Adaptive-Saliency-AT(N5R1),Adaptive-Saliency,"N=10,R=3",46.49
Adaptive-Saliency-AT(N5R1),Adaptive-Saliency,"N=5,R=2",91.02
Adaptive-Saliency-AT(N5R1),Adaptive-Saliency,"N=5,R=3",72.59
Adaptive-Saliency-AT(N5R1),Adaptive-Saliency,"N=5,R=4",51.03
Adaptive-Saliency-AT(N5R3),Clean,-,98.73
Adaptive-Saliency-AT(N5R3),Fixed-Saliency,k=3,98.62
Adaptive-Saliency-AT(N5R3),Fixed-Saliency,k=5,98.61
Adaptive-Saliency-AT(N5R3),Fixed-Saliency,k=7,98.49
Adaptive-Saliency-AT(N5R3),Fixed-Saliency,k=9,98.43
Adaptive-Saliency-AT(N5R3),Fixed-Saliency,k=12,98.31
Adaptive-Saliency-AT(N5R3),Fixed-Saliency,k=15,98.2
Adaptive-Saliency-AT(N5R3),Fixed-Saliency,r=1,98.43
Adaptive-Saliency-AT(N5R3),Fixed-Saliency,r=2,98.1
Adaptive-Saliency-AT(N5R3),Fixed-Saliency,r=3,96.85
Adaptive-Saliency-AT(N5R3),Adaptive-Saliency,"N=3,R=3",95.97
Adaptive-Saliency-AT(N5R3),Adaptive-Saliency,"N=5,R=3",94.3
Adaptive-Saliency-AT(N5R3),Adaptive-Saliency,"N=7,R=3",92.44
Adaptive-Saliency-AT(N5R3),Adaptive-Saliency,"N=10,R=3",88.74
Adaptive-Saliency-AT(N5R3),Adaptive-Saliency,"N=5,R=2",96.41
Adaptive-Saliency-AT(N5R3),Adaptive-Saliency,"N=5,R=3",94.3
Adaptive-Saliency-AT(N5R3),Adaptive-Saliency,"N=5,R=4",88.11
Adaptive-Mixed-AT,Clean,-,98.9
Adaptive-Mixed-AT,Fixed-Saliency,k=3,97.3
Adaptive-Mixed-AT,Fixed-Saliency,k=5,96.14
Adaptive-Mixed-AT,Fixed-Saliency,k=7,95.2
Adaptive-Mixed-AT,Fixed-Saliency,k=9,94.03
Adaptive-Mixed-AT,Fixed-Saliency,k=12,92.68
Adaptive-Mixed-AT,Fixed-Saliency,k=15,91.24
Adaptive-Mixed-AT,Fixed-Saliency,r=1,94.03
Adaptive-Mixed-AT,Fixed-Saliency,r=2,91.27
Adaptive-Mixed-AT,Fixed-Saliency,r=3,86.48
Adaptive-Mixed-AT,Adaptive-Saliency,"N=3,R=3",86.13
Adaptive-Mixed-AT,Adaptive-Saliency,"N=5,R=3",76.06
Adaptive-Mixed-AT,Adaptive-Saliency,"N=7,R=3",65.19
Adaptive-Mixed-AT,Adaptive-Saliency,"N=10,R=3",50.66
Adaptive-Mixed-AT,Adaptive-Saliency,"N=5,R=2",85.89
Adaptive-Mixed-AT,Adaptive-Saliency,"N=5,R=3",76.06
Adaptive-Mixed-AT,Adaptive-Saliency,"N=5,R=4",63.13
Mixed-Occlusion-PGD-AT(10e),Clean,-,98.53
Mixed-Occlusion-PGD-AT(10e),Fixed-Saliency,k=3,97.34
Mixed-Occlusion-PGD-AT(10e),Fixed-Saliency,k=5,96.76
Mixed-Occlusion-PGD-AT(10e),Fixed-Saliency,k=7,95.92
Mixed-Occlusion-PGD-AT(10e),Fixed-Saliency,k=9,94.96
Mixed-Occlusion-PGD-AT(10e),Fixed-Saliency,k=12,93.2
Mixed-Occlusion-PGD-AT(10e),Fixed-Saliency,k=15,91.04
Mixed-Occlusion-PGD-AT(10e),Fixed-Saliency,r=1,94.96
Mixed-Occlusion-PGD-AT(10e),Fixed-Saliency,r=2,89.16
Mixed-Occlusion-PGD-AT(10e),Fixed-Saliency,r=3,80.28
Mixed-Occlusion-PGD-AT(10e),Adaptive-Saliency,"N=3,R=3",82.85
Mixed-Occlusion-PGD-AT(10e),Adaptive-Saliency,"N=5,R=3",67.86
Mixed-Occlusion-PGD-AT(10e),Adaptive-Saliency,"N=7,R=3",54.5
Mixed-Occlusion-PGD-AT(10e),Adaptive-Saliency,"N=10,R=3",38.82
Mixed-Occlusion-PGD-AT(10e),Adaptive-Saliency,"N=5,R=2",83.32
Mixed-Occlusion-PGD-AT(10e),Adaptive-Saliency,"N=5,R=3",67.86
Mixed-Occlusion-PGD-AT(10e),Adaptive-Saliency,"N=5,R=4",52.73
Adaptive-Saliency-PGD-MixAT,Clean,-,98.91
Adaptive-Saliency-PGD-MixAT,Fixed-Saliency,k=3,97.79
Adaptive-Saliency-PGD-MixAT,Fixed-Saliency,k=5,96.97
Adaptive-Saliency-PGD-MixAT,Fixed-Saliency,k=7,96.34
Adaptive-Saliency-PGD-MixAT,Fixed-Saliency,k=9,95.48
Adaptive-Saliency-PGD-MixAT,Fixed-Saliency,k=12,94.24
Adaptive-Saliency-PGD-MixAT,Fixed-Saliency,k=15,92.56
Adaptive-Saliency-PGD-MixAT,Fixed-Saliency,r=1,95.48
Adaptive-Saliency-PGD-MixAT,Fixed-Saliency,r=2,93.64
Adaptive-Saliency-PGD-MixAT,Fixed-Saliency,r=3,89.27
Adaptive-Saliency-PGD-MixAT,Adaptive-Saliency,"N=3,R=3",88.65
Adaptive-Saliency-PGD-MixAT,Adaptive-Saliency,"N=5,R=3",80.65
Adaptive-Saliency-PGD-MixAT,Adaptive-Saliency,"N=7,R=3",70.64
Adaptive-Saliency-PGD-MixAT,Adaptive-Saliency,"N=10,R=3",54.7
Adaptive-Saliency-PGD-MixAT,Adaptive-Saliency,"N=5,R=2",87.66
Adaptive-Saliency-PGD-MixAT,Adaptive-Saliency,"N=5,R=3",80.65
Adaptive-Saliency-PGD-MixAT,Adaptive-Saliency,"N=5,R=4",69.41
